"","autocorrelation","type1_error","b_all","b_var"
"1",0,0.049,0.0107775,4.9301044794795e-05
"2",0.3,0.08,0.0163725,0.000102887881631632
"3",0.5,0.0729999999999998,0.039335,0.000243188463463464
"4",0.7,0.0740000000000001,0.089385,0.000708855630630633
"5",0.8,0.104,0.1444125,0.00200670529904905
"6",0.9,0.142,0.274225,0.00726592780280282
