"","autocorrelation","type1_error"
"1",0,0.0569999999999999
"2",0.3,0.0669999999999999
"3",0.5,0.076
"4",0.7,0.0790000000000001
"5",0.8,0.095
"6",0.9,0.124
"7",0.95,0.153
"8",0.96,0.185
"9",0.97,0.195
"10",0.98,0.233
"11",0.99,0.279
