"","autocorrelation","type1_error"
"1",0,0
"2",0.3,0.000999999999999999
"3",0.5,0.000999999999999999
"4",0.7,0
"5",0.8,0.00300000000000001
"6",0.9,0.000999999999999999
"7",0.95,0.003
"8",0.96,0.00500000000000004
"9",0.97,0.00900000000000003
"10",0.98,0.021
"11",0.99,0.023
