"","autocorrelation","type1_error"
"1",0,0
"2",0.3,0
"3",0.5,0
"4",0.7,0.002
"5",0.8,0.002
"6",0.9,0.00900000000000001
"7",0.95,0.003
"8",0.96,0.003
"9",0.97,0.00799999999999999
"10",0.98,0.00300000000000003
"11",0.99,0.000999999999999999
