"","autocorrelation","type1_error"
"1",0,0.000999999999999999
"2",0.3,0
"3",0.5,0.003
"4",0.7,0.000999999999999999
"5",0.8,0.002
"6",0.9,0.00500000000000001
"7",0.95,0.00300000000000003
"8",0.96,0.00799999999999999
"9",0.97,0.004
"10",0.98,0.013
"11",0.99,0.023
